{
	"general": {
		"animationSpeed": 1.0,
		"disable_mod": false,
		"background_color": 1867534416,
		"space_modules": true,
		"shadow_text": true,
		"animations": true,
		"fontScale": 1.0
	},
	"modules_right": [
		{
			"name": "system",
			"name_color": 16755200,
			"value_color": 5636095,
			"lines": {
				"opengl_version": true,
				"display": true,
				"java_version": true,
				"gpu_driver": true,
				"memory_usage": true,
				"allocated_memory": true,
				"cpu": true,
				"gpu": true
			},
			"enabled": true
		}, 
		{
			"name": "miscright",
			"name_color": 16645526,
			"value_color": 5636095,
			"lines": {
				"misc_right": true
			},
			"enabled": true
		}, 
		{
			"empty_lines": 1,
			"name": "empty",
			"lines": {
				"nothing": true
			},
			"enabled": true
		}, 
		{
			"name": "target",
			"name_color": 43775,
			"value_color": 16777045,
			"lines": {
				"id_fluid": true,
				"fluid_tags": true,
				"block_states": true,
				"blank": true,
				"targeted_block": true,
				"blank2": true,
				"block_tags": true,
				"id_block": true,
				"targeted_fluid": true,
				"targeted_entity": true,
				"fluid_states": true
			},
			"enabled": true
		}
	],
	"modules_left": [
		{
			"name": "minecraft",
			"name_color": 10506797,
			"value_color": 43520,
			"lines": {
				"minecraft": true
			},
			"enabled": true
		}, 
		{
			"color_high": 5635925,
			"color_med": 16777045,
			"name": "fps",
			"lines": {
				"fps": true
			},
			"enabled": true,
			"color_low": 16733525
		}, 
		{
			"name": "graphics",
			"name_color": 16755200,
			"value_color": 5636095,
			"lines": {
				"shader": true,
				"render_distance": true,
				"graphics": true,
				"clouds": true,
				"biome_blend_radius": true
			},
			"enabled": true
		}, 
		{
			"name": "server",
			"name_color": 11184810,
			"value_color": 16777045,
			"lines": {
				"server_tick": true,
				"packets_sent": true,
				"packets_received": true
			},
			"enabled": true
		}, 
		{
			"color_x": 16733525,
			"color_y": 5635925,
			"color_z": 5636095,
			"name": "coords",
			"name_color": 16733525,
			"lines": {
				"chunk_coords": true,
				"player_coords": true,
				"block_coords": true,
				"chunk_relative_coords": true
			},
			"enabled": true
		}, 
		{
			"name": "chunks",
			"name_color": 43775,
			"value_color": 16777045,
			"lines": {
				"chunk_file": true,
				"available_buffers": true,
				"loaded_chunks_server": true,
				"forceloaded_chunks": true,
				"chunk_culling": true,
				"pending_uploads": true,
				"pending_chunks": true,
				"loaded_chunks": true,
				"spawn_chunks": true,
				"client_chunk_cache": true,
				"chunk_sections": true
			},
			"enabled": true
		}, 
		{
			"name": "location",
			"name_color": 43520,
			"value_color": 5636095,
			"lines": {
				"light": true,
				"biome": true,
				"rotation": true,
				"facing": true,
				"local_difficulty": true,
				"days_played": true,
				"dimension": true,
				"highest_block": true,
				"highest_block_server": true,
				"light_server": true
			},
			"enabled": true
		}, 
		{
			"name": "entity",
			"name_color": 16733525,
			"value_color": 16777045,
			"lines": {
				"entities": true,
				"water_creature": true,
				"underground_water_creature": true,
				"ambient": true,
				"particles": true,
				"axolotls": true,
				"creature": true,
				"water_ambient": true,
				"monster": true,
				"misc": true
			},
			"enabled": true
		}, 
		{
			"name": "sound",
			"name_color": 16755200,
			"value_color": 5636095,
			"lines": {
				"ambient_sounds": true,
				"sounds": true,
				"mood": true
			},
			"enabled": true
		}
	]
}