{
  "version": 1,
  "language": "en",
  "continueOnRestart": false,
  "tasks": {
    "minecraft:overworld": {
      "cancelled": true,
      "radius": 500.0,
      "centerX": 0.0,
      "centerZ": 0.0,
      "iterator": "concentric",
      "shape": "square",
      "count": 4175,
      "time": 246250
    },
    "minecraft:the_nether": {
      "cancelled": true,
      "radius": 500.0,
      "centerX": 0.0,
      "centerZ": 0.0,
      "iterator": "concentric",
      "shape": "square",
      "count": 4175,
      "time": 387691
    },
    "minecraft:the_end": {
      "cancelled": true,
      "radius": 500.0,
      "centerX": 0.0,
      "centerZ": 0.0,
      "iterator": "concentric",
      "shape": "square",
      "count": 4176,
      "time": 133256
    }
  }
}